text,is_toxic
wonder police expect happen continually abuse kill people honestly expect public nothing lay back take let cop turn one massive street gang allowed kill without consequence even rat cornered defend,1
bassem think walmart hiring holiday get job loser,1
anybody got cigar,0
monkey screamin bout honky intensifies,1
see brick hit white pig helmet lmao nice shot hit face,1
dont reckon black life matter banner held white cunt kinda patronizing ironically racist could not come somethin better white folk give self pride ooo look im nice black people always race actually whole world pussyfootin around fear racist fuckin daft man,1
thank stefan humorous tragic enlightening california,0
send france,0
tell even taboo talk something news medium not touch ten foot poleblack white crime black sexually assaulted white woman fewer black woman sexually assaulted white men yes used boj not make stats available online anymore stating statistic may inflammatory certain ethnic group tip iceberg,0
need arrest protester soon start blocking traffic driver saw starting block road would not stop em,1
im sick seeing racist comment shame still rascim grow fuck people,1
stefan molyneux hate black much actually not surprised bloody british people conquered u absolutely nothing freedom gain decade go hate u not pale one would wonder mother black woman,1
pant not loot,0
thank real heard little girl thought thing rage medium ever behind want promote racial tension nobody black community want talk elephant room almost like everything medium music scene promotes thug life,0
dear grindahz aka pot called kettle black spelling list week whether weather way weigh ferguson stupid hypocrite stay tuned grammar lesson punctuation lesson,0
people stupid fuck wouldt work idea fun loser nothing better oh yeah great work burning auto place no people unemployed cannot provide family great work police shot criminal happened black people definition sheep not one individual thinker among,1
thank yet another sobering analysis stefan amount bias deception left mainstream medium insane,0
cannot believe reciting music listened cop using excessive force cop become judge jury executioner society screwed issue cop not get trained escalation force not use non lethal mean apprehend civilian suspect,0
pretty woman dang,0
like black racist white ppl without consequence keep nice new world live keep,1
find amusing protester claim fighting racism yet blind racism several report black people attacking white people couple day ago reported white man beaten death hammer black teen st louis yeah clearly no racial intent fucking hypocrite,1
michael brown thug god bless thin blue line graduate police academy december,1
see impose gunlaws fact even machine gun people could not anything police car body protection like tank wanted say,0
majority people ferguson african american elected official not african american mayor city council police chief elected official people community not stepping fill role,0
yet another reason police need wear av recording device time people well really help ensure truth maintained time imagine officer pov camera would show situation,0
police not militarized,0
white folk always asked would cop something could ruin career answer know get away know chief fellow cop cover know white folk asshole like make excuse slim none chance trial kind always acquit,0
amen amen sister go strong black woman got back,0
shooting not one thing black black people make black issue bottom line grown man robbed store ignored police order people think ok protest behalf thug no respect law yes shame came death hadnt thief would still alive hear bullshit black gotta gotta hard street streetsblah blah blah wear hard living like badge honor no honor country hey let go steal cigarillo make blunts worsen already ghetto,1
white man cannot finish sentence america need wake upthe truth murder,1
someone shoot black idiot would make giggle inside,1
would stop cost came black community created no responsibility no worry,0
say black piece came bit stiff due repeated use african american,0
get job,1
made song addressing ferguson issue today please listen thank tha bigger picture soundcloud listen tha bigger picture kool np soundcloud,0
bassem right express himselfwe freedom expressionwe rightits amendment constitutioni dont think cnn competent,0
da fuck gay as bald white frenchy nigga gonna set hisself dang judge whole criminal conspiracy micheal brown mothafuckin hand air son u smart u know nigga hand mothafuckin air sign showin innocent tha crime sorry cussin shit internationally recognized indication innocence part perpetrator yall nigga medium plain old fashioned example murder first degree part mr officer darren wilson takin life nigga college student nigga kent state protestin get ass shot historic event michael brown shot dead street takin part ferguson protest yall medium mothafuckas try explain away,1
black young woman like stefan think need people like country,0
watching video clear stefan seems buy argument favor white police officer not dead black kid watched video posted see patter bias exist sure enough repeated patter argument tryvon martin soyou convince like minded not different alex jones many white conservative pretend system affect white people minority black fair game stefan keep preaching one sided view gain many white admirer share view,0
bassem masri well said bro,0
peggy know many fine black woman men like sick tired violence blame thanks speaking,0
sure michael brown knew killer young girl considered homeboy,0
case presented grand jury not return indictment apparently militarized police state gunning unarmed teen time unevolved racist used hide behind white hood hide behind computer screen police badge,1
jerk made b story skittle arizona ice tea component lean actual promethazine pharmaceutical drug easy get street level guy quake antebellum period dreamer negro live beneath need realize really not much better statistic would say white well fair white committ violent crime anyone pls come white savior b,0
no idea cop mooed always thought oinked learn something new every day,1
never argue idiot,1
peace need found side stubborn relentless peaceful not go work sit step power day chant concern “fear path dark side fear lead anger anger lead hate hate lead suffering” yoda,0
ignorance law no excuse usc deprivation right color law,0
gentle giant seems robbed store later assaulted armed police officer much school boy look hoping thug life come high price,1
need search youtube actual cnn doctored audio michaelbrown shooting cnn caught changing evidence﻿,0
dis furgusun de unitid stateth murka retard start violent protest try pawn police state lie cop arrive,1
lot driver banded together collectively beat living shit every one little prick,1
wish joe would gone fear factor eat fresh steaming pile shit mouth would full not hear worthless cunt speak,1
glad protestors affect many people give public reason hate,1
really hard open fire,1
without badge bitch half fuck police,1
fuck need military police civilian like wanna bring new gear dress like soldier strut around trying look tough,0
dude fuck punk police,1
omg stefan rap hysterical anyway good news guess know whatshisname douche deserved die premptive strike made officer darren wilson huzzah another trash taken street probably cure disease rather treat symptom though disease ignorance selfentitlement community lower class getting poverty isnt easy starting point isnt easy still feasible right amount drive,1
video would interesting stefan taking clothes sexy case really not hard understand would cop good record year service shoot teenager hand witness friend lied started protest snowball effect ensued watch video store show brown aggressive hard believe evidence made huge error judgement fighting police officer no not,0
idiotz,1
dealt force,0
mr stefan molyneux mr wilson drive multifple story therefore deserve fair trial wilson law enforcer firm happened would good wilson speaks would truly respect officer would talk public seems hiding,0
omgyou not give whole story gave one side half,0
really say trevon martin brought watermelon skittle make lean lol yo white ppl say aaannnyything make blk ppl look certain way trutheven trevon said no limit nigga fuck whatkids say dumb thing time said batman lol sicken make kind excusewhy dont u talk second video tbat came year mike brown situation cop said didnt think important showed mike made trade store owner no robbery lol u talk corruption police medium withholding information,1
love lady need strong woman like peggy hubbard,0
never racist almost make one ofc dont mean get idea,0
day conservative support confederate flagdenies racismand criticize black people deemed hero white people lmao please get white woman black face screen,1
video actually happen simply trying smear young man’s image wanted rapper stole cigar nothing side video deserves death sentence also released new video officer wilson showing no injury show officer wilson not truthful incident perhaps need wait detail post bias video you’re going post video make sure accurate not mention friend criminal stated brown giving black white witness nothing incident stated hand surrendering wilson shot,0
question park cruiser front protester 🤔🤔,0
hoax,0
need people like peggy hubbard support mother year common sense,0
brown stepfather pant half way,1
something wrong audio,0
hear guy saying policeman stated year service officer died weapon one shoot execution style whatever fuck officer wilson let pound guy run fthe big run fast assume not take ft tell brown freeze shoot b way tell,1
relevance marijuana autopsy show entry wound spread body close range spread would tight hitting region likely chest area long range spread would dispersed see report wound underside arm exposed arm raised gesture peace ie hand empty away body pose plus no powder burn body far away,0
not think somebody deserves die stole cigar fine criminal put legal process humane kill american treat felon criminal like dog moment commit minor crime like stealing cigarette smoking weed no longer human not right one rap made bad quality tone not think matter lot people produce rap music considering biggest rapper always talk smoking weed bitch killing people no surprise brown probably inspired crime brown stealing cigar tell white person went convenience store stole alcohol got shot not even hour later police would justify police shooting,0
stop criminal wont get shot simple,1
yea fuck store clerk dare try job,1
lol happens greedy rich slime keep mass uneducated ignorant deal stupid created trying reason irrational exercise futility get popcorn ready bc boil fall talk fall walking,1
look like brown suicide cop thing,1
look deeper happens black people not put black people situation black people hope learns history,0
hey shout thai writing shirt lol thaipride,0
gal call spot way go mspeggy way go,0
stats dont represent problem race baiting attitude who crime ohh bet trayvon still little innocent boy dont speak lisp sure sign left wing democrat,1
people see herei cannot even understand sayingis black america good world seehow people respect race like see much bad,1
add another imbecile bunch reporter incompetent bastard,1
not blackmany year ago almost shot policei driving friend partying even illegal drug use cardid not even notice cop car behind mewhen light went freakedwe pulled panicked cop bright light uswe trying desperately hide drugsi could hear cop telling get car kept trying hide drugsof course saw going center console maybe get guni told loudlystop put hand see get car tell froze exactly told doif not listen would shotmost likely headi not understand anyone would not cop tell doif say put hand put hand tell step back step back defy person gun threaten shot color nothing,0
till started advocating parent family black community totally lost,0
thank peggy,0
masri close get isi america,1
point trying make black not equal opportunity ferguson suggesting city counsel give young black manwoman job black black people ferguson treated unfairly law enforcement suggesting black community law biding citizen break law less white people cop arrest black citizen fun sport even know true reason black community rioting looting even asked see rioting looting break knoxville young white couple kidnapped brutally rapped eventually murdered black men woman wonder come racism plain stupidity mr brown no angel study fact stay away emotion skin color,0
thanks obama,1
intellectual mature approach case black man many older black men prison dead stuck matrix truthers struggling no older men guide younger male often encounter police without understanding deal cop many role model come rapper advocate violence police deer caught headlight potential life death encounter racism not many black people ranting hate crime clearly assaulted store clerk indicates propensity violence wilson stop pointing finger address problem black teen lack male role model said black people need address alternative dealing suspectsvictims nonlethal weaponry deal encounter race start focus solution possible violent encounter alternative see progress police cannot go protest burn community retalitation police support theory brown product violent environment burning business going solve problem police department counterproductive hoax,0
believe photo gentle giant accomplice giving gang sign no even brown raise hand surrender maybe realized would blown could get trouble officer wilson adrenaline running high reacted officer not hesitate would lose life lord know no thing thug go college look angelic professional athlete keep getting arrested crap fed disgusted,1
might wrong majority black community not vote would not make sense inequality city government,0
almost floor shaving quality cigar cmon keep sensationalism one comment video perfect well thought well put,0
man stuff like really make reconsider world would hitler alive,1
blunt addiction tobacco blunt keep calling another play race card,0
cannot help motherfucker primitive compared white people get frustrated live around white people cannot compete black africa much selfassured not get reminded every day cannot compete multiculturalism not good anybody people throwing fit living tax dollar stolen white people,1
one must fucking stupid one attack police officer expects get away without response police,1
better society greater good michael brown went rail got ushered college life athletic scholarship became brown killer like ohsimpson became olj found civilly liable yknow,1
black people like,0
call researcher plan examine fact yet mention bullshit rumour trayvon martin iced tea skittle fact speculation victim blaming actually stop trying pretend yo examining fact,1
awesome,0
video liberal propaganda used divide people fuel chaos ferguson stay tuned trial fact deciding evil white people source problem mean straight watch trial no fox news cnn msnbc,0
black life matter take black ass home nothin black ass,1
france military taught could use lethal weapon us similarequal superior lethal weapon u another defend using superior weapon notnever allowed think noble french concept b,0
feel thirsty violence rather knowledge,0
worst testtube video ever inequality choice white flight via change demographic etc remaining resident say vote put nominee go city council meeting put grievance councilman etc besides supposedly postracial era america race leader matter oh btw title asked really caused riot seems account answer outoftown lawbreaker,0
ferguson protester flip police car new york time,0
fucking evidence evidence mean fact suspect armed robbery autopsy report evidence show cop innocent god damn,1
internet trolling time high,0
construction worker working area saw incident stated brown hand raised surrendering find interesting witness account limited solely account support minority viewpoint additionally innocent proven guilty mindset oj simpson charged nicoles murder explain shot brown back conveniently omit information witness state brown surrendering except mentioned not seen single picture injury sustained police officer brown allegedly beat actually believe picture existed would not medium not saying officer action motivated racism saying officer probably psychopathic tendency seems type hired police street usa great presentation highly hypocritical,1
micheal brown asked got think shot black racist,0
bad nobody ran hmmmm dumbass life matter stay fuck street duh 🙄🙄,1
think chief problem molyneux great ideal solid worthwhile goal hope share society cannot seem embrace ethical greyness human being frustrates nothing approach morality not believe worth listening political strategist requires recognizing conditionalnature human psychology constructing systemic guide help incentivize positive culture good philosophy crappy political theory,0
run ignorant fuck world better without,1
let u reverse roll black racist cop rich white communitiesbut cannot prove racist white man get pissed intolerable condition unload several clip high caliber ammo point blank range audacity questioning authority american need full alert elitist agenda set president questioning authority elitist upperclass problem prison culture cia drug cartel exporting job importing cheap labor elitist get bailed support corrupt system turn around c get past race issue govt incites divide working class hardly call working class govt put everyone work homeless class let u not get western history role big money play clusterfuck designed destroy nation destroyed point get back ask,1
friend get killed mean burn local home item seems correct,1
not care mike brown bullshit clearly understood youtube guy racist dumb point hold little water full hate lie,1
mr smerconish sir not journalist no journalist say claim interview object heshe searching min fame part interview andor heshe not speak direction wanted anything trying defame person illegal definitively serve time go back school truly obvious not handle word mouth care nor critical enough authority would wait ton paper show knowthat indeed ran stopped hand air got shot multiple time no doubt side happened witness say however investigative journalist go ask people opinion not superior get chair go real reporting shame shame cnn not hiring professional,1
brown piece shit world better without,1
many racist comment hate white sometimes,0
link poor little tryvon martin little mr brown yeah thug tired beat white person ground got shot effordsend story,1
ameland,1
take break bassem making much sense debate,0
leaving information giving police report not ask info lying omission not outright lyingbecause omitted information stupid lawyer,1
people like guy make america shake head nawamsain no fuck not,0
okay blacklivesmovent thug stop carp u wanna stand murder yet child died gettin shoot cheast becasue u wanna act like plant ape movie excuse black killing black u wanna come cop white ppl call u name rastist name u dont get try lisening lawa obeying law stop shooting inncent ppl benfits u guy killing ppl need jail,1
cnnso touchclose idiot people watching comedy reportinglol,1
dumb as people run 😡,1
think alot black people tired gun violence gang ignorance community want stop yes bad people race whats get statement talk thing black commuity people quick say bad people every race say putting black want people better caring self repectful way,0
point think cop point gun know told something provoked,0
shot,1
usa land free baby hahahaha people not living usa thankful everyday worse country earth,1
anyone else pissed ended let walk no big deal crap pulled no one got pepper sprayed,1
look dimwad policeescorting back people held upidiots,1
drive,1
hit nail head black life matter guess not keep killing stupid shit like gang loyalty selling drug instead getting education able get getto take hat parent raise chlidren value pride arecause one make difference not drug dealing gang banger difference going makeis one less holiday dinner,0
garbage policekick jobswhat paid supposed dothey let shit protester blocking thousand people could emergencyi would not surprisedwhen see videothat police like kissing themwhat idiotic law enforcement,1
molyneux spread complete information complete garbage,1
michael brown th person shot week u others notice almost share something common,0
cop make money arresting people easy money no tazing no macing no hurting grab cuff huge safety violation right,0
moving thought,0
no indictmentmoving right along,0
stephan thank video take available information account provides reasonable rational breakdown next video could please call truth police brutality militarization police united state thank steve,0
dude sure seems know good bit smoking weed hmmm according clown black man somewhat gang side factual based photo justified murder unarmed human not ok mfer,1
well bring tear gas beanbag round rubber bullet,1
agree protestor,0
wow,0
old man way tried forever well worked look,0
people disliked video problem man said nothing wrong change not happen not change good thing still numbered,0
proving blocking road,0
no time reported mr brown approached officer officer engaged young men mr brown ran away officer reported fired flight inconsistent would turned confront cop already hit one bullet might not like black folk not listen spin video given no weight eye witness report video discredit dead young man,0
dear mr stephen molyneux minute bit long right respond fact btw voted thumb number not even blink tried thumb must say thing happened fair thank homework hard work obviously spent lot time present case u nice obviously care much country best,0
arrest,0
u navy vet mad respect,0
well damn good,0
thank truth speaking innocent,0
bassem masri criminal thug psychopath no credibility no humanity need locked jail cell time rubberroom straightjacket bassem get intellectually dishonest butt community,1
anyone stupid enough stand roadway run die improve gene pool,1
music reference sex drug stealing murder etc ya pretty much rap music like,0
info put mike brownwhy nobody bringing fact darrin wilson tested positive illegalmood alteringnon prescription steroid post shooting toxicology test one also wonder info given grand jury doubtful,0
everyone saying micheal brown deserved treyvon martin eric garner,0
lol look got,0
muslim uk black brother sister america,0
black want respect speak act dress like huxtable family want treated prejudice speak act dress like known gangster steal thing act like street,1
c blk life matter bullshitwitch call bullshit black people killed five period newark nj call bullshitb,1
respect,0
back africa still thing cause seem like really not like hereand not working outmaybe turn continent around,1
agree sista,0
dumb fuck screwing fellow citizen instead protesting police 🤦‍♂️,1
cop need look video start arresting people,0
mike brown father not buy ithe got caught video saying burn bitch reffering fergusonand dude interviwing thug not given air time,1
hope next video entitled truth ferguson police department ferguson riot thanks usual quality research two issue match gasoline riot control otherwise peaceful protestors homeowner refusing go inside member press clear symptom something normal small town police sanford police similar protest incuding looting resisted escalation,0
tax dollar get spanking new cop car 😔,0
urban youth could not handle truth presented video,0
protest converted riot majority people wanted not fooled politician play serious game common man take care everyone save humanity peace,0
ridiculous liberal tripe meant divide u along raceclass barrier even blacksi refuse use word african american oppressed local government community band together vote vote black live democratic republic sorry argument nothing excuse criminal stats result large black community black really need stop listening democrat preach cannot win deck stacked oppressive lifestyle never rise current condition cling liberal excuse not color skin overall presentation,0
guy monster got deserved color not matter anyone attack guy gun gonna get shothe stupid illegal act tried hurting someone got blasted give cop raise,1
gotten fire dept fire truck blast water jet would get,1
protestors work living get time,0
blacklivesmatter built deceit lie,1
injury cop get treated,0
look people black life matter like white life mike brown life lawfully ended police officer assaulted mike brown suspect aka mr brown football player ft inch not mention high marijuana officer ft inch armed baton gun telling mr brown put hand witch evidence show not shot assaulting officer say well not officer well unless police officer cannot say officer something stupid done something else officer attacked man much larger not time stop think hmmm maybe not defend maybe let kill,0
hahahahaha molyneux reciting rap lyric intense,0
deserved killed smoke weedlike fightingthrow gang sign allegedly stole cigar,0
stef stateless society discussion existence cop useless know cop protect state corporation take decision existence people two second waw,0
people fuck america american fucking hate,1
fuck stupid as generation id like apologize generation agree people right protest speak etc love god don’t mess people didn’t anything get petition signed write government gotta fuck everyone’s day,1
yeah course go college money come pel majority negro drop half way semester,0
best honest black people ever know,0
magic hamster drank lot lean never heard anyone using skittle lean jolly rancher ideal candy use not magic hamster not doubt someone using skittle lean want point houston lean quoteunquote created magic hamster prefer use jolly rancher lean,0
god bless lady wish people like intelligence god bless little girl lost life thug sad not single one animal care black life matter as innocent life matter,0
didnt police job arrest idiot blocking public road ridiculous people arrested ran stupid not freeway,1
no talk get fucker road period would run let sue,1
plain n simple truth,0
stefi agree fact case grey however realize cop getting caught act unjustified violence daily base getting caught video writing narrative brutality thuggery public not tolerate longer police brutality recording police dangerous necessary,0
not interview constitution worker caught tape saying u shot hand,0
think indecent unessacerry event one person shot mr brown stole something not intirely police officer fault,0
comment fucking ridiculous seeing video year know “hands don’t shoot” bullshit still tragedy let’s not keep exploiting man death no good come anyway shape form,1
plow get way,1
act like animal get treated like animal,1
cannot life understand people think mike brown martyr cause man criminal black people criminal absolutely not white criminal hispanic criminal betcha situation exactly race reversed would not issue,1
run,1
bad riot shotgun not loaded live round,1
live st louis scary,0
one race human race,0
always mr molyneux excellent video,0
cop need given wide latitude self defense considering threat face incapacitated high chance executed dam gunnoone seems care shit,1
thinking getting bunch fact lean not made skittle iced tea wilson not know robbery video bunch poppy cock thank wasting time,1
agree people arm need find information rioting thinking getting high drug robbing store carelessly walking middle street screaming cop attacking reaching gun unarmed not mention size either people gullible find funny race racist black racist white every single time someone racist black person everyone throw hand get pissed white people not racist person not want sit everyone belief white people racist people happened past make sick think grow generation,0
shoot first ask question later hahahahahaha,1
piece shit no business wearing even chp uniform,1
bad weapon not discharged,1
fact michael brown legal adult robbing store time assaulted someone store assaulted cop assault cop mostly likely go get shot racist,0
u justice department audited ferguson police department found count excessive use police force africanamericans addition found email containing discriminatory language department computer federal government pursuing criminal case ferguson police department wonder bob mcculloch try defend one,0
go girl listened twice retweeted twice first gateway pundent second youtube god bless m hubbard god speed vid,0
ayy cnn lookin like pussy,1
thought mezzican,0
tear gas banned geneva convention really stupid cunt also assaulted man earlier day assaulted police officer thats violent felony add big thug tell saying unarmed shouldnt shot fucker tried take cop gun already tell would outraged thug killed cop double standard one say different stupid asthese two,1
bassem masri terrorist part isi,1
come call black african american not european american white,0
race much news article got no national medium attention last week,0
can’t believe people really believe leading kind revolution,0
cnn propaganda part people let hear ferguson,0
get pay protest ask protesting no idea flow along mean would run fuck system u cant arrest drive thru arrest fuck system america ok voice right no right block traffic,1
lmao read dude rap best part,0
warning round gatling gun clear freeway instant,1
think fell love,0
good job determining occurred brown killed however occurred not simple matter racism police abuse anything mentioned question everything pull back curtain see wizard illusion one life energy sacred turn tv peace love appreciation,0
peggy watch life leadership revolution video people smart good mentor really think research training would great leader keep great work,0
understand point black life matter blocking traffic like like wth gonna people need go place hospital familywork etc plane stupid,1
masri total idiot not know evidence come conclusion instead clue dont attack cop try take gun rush finally get car wont get shot duhhh would masri take brown icecream beating ground not defend btw brown momma gramma violently assaulted people selling tshirts memory brown put two people hospital stole money trashed shop probably charged know sort mentality brown raised thug wanna caused death,1
wait area majority african american not make since majority people pulled searched arrested area would african american well,0
people would obey law like normal human being would never happen winner,0
good quality,0
say sound spitting arab expression,0
pathetic pseudo philosophy vile little man,1
crazy everyone like video actually watching video min video min long lol,0
people know ground saying people ferguson saying not blackwhite thing cop stepping boundary said protest daylight peaceful tailgate like cop come militarylike overreactive fwiw,0
man good fighting back hope minority dont get rained national guard look wepons acting like war,0
love every thug deserves slug,1
gentle gentl giant,0
cruel mom,0
michael smerconish little bitch like subtly try insult guy guy laugh really show low cnn stoop garbage hole cnn become piece as sucking work michael smerconish guess no wonder home not watch cnn crap news network,1
people road goddamn kid,0
implying ferguson black elected appointed official white mean majority people ferguson not represented mostly black population would not happen voted support white official median income lower mo u whole population mostly black statistic,0
guess get away since label title police title label low life thug addict guess behind bar smh,0
good commentary perceptive fair,0
truth delivered courage conviction not political correctness reach heart mind honest productive hardworking people lady say like,0
mmh year already still moronic bullshit going shit as country,1
america day coming end emigration rate multiplying year mostly wealthy individual poor unskilled flooding unchecked goodbye america good run,0
freakin go girl,0
act like gentleman treated like gentleman someone not act like gentleman,0
michael brown rob store assaulted store owner fought police officer darren wilson police window went officer gun shot killed brown not shirt saying not armed happens criminal activity regardless color skin linch mob mentality not get way public pressure fact support brown activity day wonder brown wanted death suicide cop family could sue,1
omg started rapping lost lmao,0
wish much type protester come would arrested fined taught law,0
people say black play victim according comment fault elected officals racist white good thing going missouri racist white folk point finger take punk bitch power goin back racism deport everyone else,1
someone taken one team plowed right,1
thank speaking problem black community,0
awesome job peggy thank telling truth westandwithpeggyhubbard,0
find insane black people always play racist card every single little issue coincidental whiteblack situation case race nothing also say want justice go around destroying private property looting shop right mind would ask justice rob destroy people lively hood time though black community think perfectly acceptable black person kill white cop cop follows procedure defends self potential fatal attack get angry yeah black guy might not firearm could easily knife something value black people white law enforcement officer life equal understand officer defended self attack yes attack,1
mlk saw would cry,0
haha big old fucking made censor,0
rememberthe lootingstealing black purely gain free goodsall name mike brownyea rightit excuse stealpure simplea good concise introspective steffansome folk live grievancethis follows perfectly white guilt segmentkeep em rollin,1
need able call people gun ca citizen completely disarmed north hollywood bank heist would much shorter city people havent stripped nd ammendment right,1
lady first guest speaker al sharpton’s rally seriously,0
lmfao,0
police brutality affect everyone not black issue made black issue people not black tend stop listening end racial profiling police not fuck everyone police not care color not policeman fuck look youtube notice brutality not discriminate stop racial bullshit want cop finally held accountable powertripping action need realize playing whole black black black card make people not black feel less sympathetic every race issue,1
wow think going buy bullet proof vestshit black like everybody tryin shoot,1
police officer wearing camera lapel issue would open shut case,0
stefan fan rep river,0
anna dumb as n joe rogan no clue sayinganna go porn something n leave job one intelligent,1
run stupid as stupid enough stand middle freeway,1
white supremacy best,1
go back period big mouth moron,1
fucking commie not even know happened,1
hmm maybe there depth subject comment section nope bunch degenerate,1
moron talking peaceful burning nation flag idiot even though suppose old no knowledge baby making noise,1
excellent would mediaslaves u wait speak outso get lost next tragedy travesty happening going since thee origin usa nøbody free thee illusion real thee struggle experiencing collision experiment psychological warfare attrition typing thatalways aware baiting not allow create helter skelter,0
great footage wish news caster would shut minute police officer started talking let play outthat would much interesting hearing comment,0
sure people protesting actually protesting believe people taking advantage sad situation cause much chaos damage hurting community,0
oh politician style oratory peggy hubbard one short video ring message loud clearto listen ok england thankfully not gun culture seen enough american scene time know peggy drop hangwringing crap tell word written posted white housemavbe someone would listen act,0
fun fact not live ammo gun rubber slug,0
lmao not agree rioting violent protesting good stuff,0
massri need education,1
pepper spray cunt run,1
patient ever ambulance get injured worse can’t make hospital protestors liable die protestors charged man slaughter,1
police dont try shoot leg arm body part immobilize someone every time officer fire weapon using deadly force trained aim centre mass not part body,0
one best breakdown seen yet need slow think act thing,0
guy little biased sure maybe bring fact taser used could avoided forensics tell truly happened highly doubt mike brown needed shot six time calling back no one said cop hero handle two kid especially acted aggressively say cop completely right racist stefan come crazy cop held higher standard first cop mistake not calling backup second trying get door right kid lol not remember training u get space handle situation better uncle cop told also taser first move mike charging even pursued block away waited back,0
oh god fucking love arab guy wise word seriously someone open eye world see thing rare world today big fucking amen guy wake fuck america,1
nothing hypocritical movement claiming support black blocking probably hundred black trying get job feed god damn family,0
working poor white fear kid would profiled like whole life get searched every time get stopped no record love fucking hope better kid,0
testtube please explain black get stopped searched white white get make population get searched time black make population get searched time pretty obvious white likely get searched want explain find someone team actually remembers basic grade school math could go wrong video seems already explained others seriously enjoy watching channel bias strong one almost made want unsubscribe,0
hell care people peacefully protesting police feel threatened gonna act say blow fucker face tg follows riot,1
omg dumbass protester preventing cop job whining really really hate people protest like edit look ugly as black girl big eye,1
one thing think people forget riot ferguson human combat mind wrapped race not focused enough people,0
remembermichael brown young teen boy happened built like linerbacker robbed convenience storehe pillar community,0
understand committed robbery offense deserve die put jail not end life trayvon martin going buy skittle not deserve death either totally biased white would labelled troubled teenager peer pressured commit crime,0
cop mooing people beginning,0
man stef spitting fire hot enough make dylan jealous,0
michael brown asian name would dindu nuffin wong,1
fucking fuck cannot even defend properly joke,1
ignorant,0
idiot reporter survey percent black involved following gang activity shoplifting car jacking robbery robbery assault teenage pregnancy,1
moly loooooooooooooooooooooooves cop witness also clueless riot also decade police violence repression areaalso ignorant effect marijuana,0
every time interviewed person noticed ghetto clearly see education preschooler ever protested incredible stupid stuff dr martin luther king jr would disappointed respect ignorant black people like always ruining thing say not anything always victim wake stupid guy not one making america look stupid,1
cannot tell racist cop dumb guy messing cop hate make michael brown seem like holy man not not make right kill confusing,0
wonder big crater thug brown made street met final shot melon get sew blm truth fact not shit kitchen get right direction toilet,1
michale brown got asking black protestors racist white happening,1
always good moderate understanding saw woman scrubsscrew black life matter movement hope dy,1
anyone tell racist white man shoot black man not racist black man shoot white man case turn instantly racist one make no sense,0
national guard called hint riot national guard really spook rioter,0
not give fuck protesting not block fucking traffic cunt piss everyone elses day honestly cunt law intentionally block traffic driver reserve right run fuck quickening darwinism process anyway,1
not want justice see mob mentality action guilty no matter grand jury say no matter evidence say let u hang nearest tree officer right need learn speak proper english get job bigger racest white crowd would jail,1
racial profiling police intimidation robbed store got killed result fucking excuse man black people not get arrested commit strong arm robbery black people get violent not fear getting put like animal actually said not worry warrant lol fucking piece human garbage,1
look ready cut head must isi sympathizer going say maybe care issue hand want go loot store fuck shit,1
people get killed cop usa every year cop would kill many country would streat protest no matter dead man white black comment many white people dont give fuck dead black man dont get every unnecessary dead mater,1
fuck medium bassem right find something real investigate exaggerating want view money fuck selfish fuck people disgusting not know bare nasty self,1
keep letting real people get front camera truth told purest form,0
not protest,0
news fucktardspuppet playersall paid liar,1
agree report certainly think event went ferguson need investigated statistic support targeting particular race number stop search certainly explained away fact population region particular race given greater opportunity someone stopped likely going race think analysis would need conducted make collation not saying race not factor saying statistic misleading need considered thoughtfully stating support statement,0
moral story not reach cop gun probably gunna get shot white black,0
hey last week kansa city mo black man snuck retirement housing broke house beating year old couple death went outside attempted hot wire antique car three neighbor came townhouses mr howell afro american took gauge shot gun executed blowing head one armned known felon gotten previous murder charge could not find young girl bodynow ok ol white peoplecaucasianswhere al sharpeton jesse jackson,1
sue time wast,0
spin way want could thug police officer would not know either way unless previous offense remembered not not weapon police trained not shoot six time fact never truly know fact go sign petition police officer wear camera chest no debate seems threatening,0
thumb upped video clarify joe rogans commentary not ignorance ana spews not mean ignorant necessarily disparaging mean not really understand situation,0
would walk right past cop pepper spray boy cannot wait free pas beat protester as,1
people saying cop justified here new video witness saying mr brown hand,0
check tube post black man go epic rant ferguson rioter although message delivered childish cartoonish emotion one african american get,1
dems big as gun 😂😭,1
u job fucking loser get way,1
since know never held hand anyone raise hand show police ferguson racist scumbag watch tv count lot racist scumbags,1
time would want see sniper bush start picking one one,1
every time not agree police going go burn everything no relation not agree call protesting people fucking stupid deevolving,1
police car far away body officer realy good shot assaultedthis b wake believe deluded start vid pointing medium portrayed gentle giant go use similar tactic discredit mb ref pot making rap music guy making vid dad would leave town ever,0
agree time race war,1
sad watch youtube video get non biased report going ferguson thank,0
no state no cop no cop no shooting state problem right anarchocapitalists like steffan agree nonsense,0
said nigga way many time,0
yall racist fuck god please bless america,1
focus roll blunt mj not cause happens much like non criminal type criminal type also smoke pot pot absolutely nothing fact walking not driving important bring pot relative intel yes criminal tendency smoke pot criminal also tend smoke cigarette drink,0
white weak,1
statement think ali sheep butt fucker masri take ak go fight syria,1
useless cop talk protester instead breaking head,1
integration black people school business bank integration lost every thing,1
useless people standing middle road screaming useless shit,1
ugly truth talk like thug act like thug walk like thug live like thug die like thug live sword die sword not hate player hate game not innocent little child walking street got shot back cannot blame parent must look individual case adult kind music listen kind video view role model environment affect enablers associate importantly accountable action unfortunately day chose wrong pathway fate cannot rob store call shoplifting heck might well call borrowing without permission not first crime probably many unrecorded not caught negative action mike brown mb cannot assault another human without consequence say playing no big deal childish get real folk riot looting attack threat nothing mb culture feel entitled use excuse propaganda find excuse commit crime name no justice no peace hand not shoot please culture need stop pant ground pant ground looking like fool pant ground hat turned sideways gold mouth looking like fool pant ground let say not race not lack justice justice naturally street usually end tragedy result immature no respect thug believed could use size intimidate probably school know street real parent around would not called mb childish not nor childish behavior behavior felonious criminal frank would probably cost life elsewhere different time real parent would stated son wrong store clerk fact evidence show son assaulted officer posed threat going officer shot fired may son rest peace action not condone consequence due choice action unconditionally love son however also forgive officer apologize store clerk hope family people move learn action live dictate consequence positive negative would also like support alternate method event happen using nonlethal weapon rubber bullet taser mace etc truly support change no silence no violence no sugar coat human race need accountable say lastly officer racist shoot mb without rhyme reason fact targeted mb dj black decided gun mb back front even though surrendered peacefully hand raised would side mb support cause unfortunately evidence thus far not support paragraph question would still reaction officer female question would still reaction officer blackafrican american question would still reaction mike brown gunned peer race question would still reaction mike brown white question would still end result death mike brown productive home work school running street people nothing world dangerous sincere ignorance conscientious stupidity martin luther king jr think safe say living dangerous time simple fact proving martin luther king jr quote unfortunately coming race supporting lost cause people cry wolf mj please repost﻿,1
want shoot hardly wait till one kid get trouble police get killed,1
make damn angry worthless thug got shot protest animal looting tearing shit neighborhood everyone think black community fucked fucked,1
stfu muslim piece shit cop fired ten round as better still let cut head pour pig blood throat willing bet dirty fckn islamic bastard set fire not even black,1
want know shot back front pretty much tell story shot back none rest matter,0
christian rock,0
michael brown home angel street devil no altar boy death,0
peggy tip hat,0
death ti white devil,1
shoot apprehend easier said done evidence presented michael brown still attackin darren shot twice people misconception like movie one gun shot anywhere body disable attacker false belief case people still attacking running shot time god sake cent shot time alive attacked ft somthing pound person back hard say im goin shoot apprehend michael brown copnducted like gentleman would not happened aggresive piece shit muslim shit head not better filled rage not answer anything progression come tolerance not violence,1
cuumm dowww heeeeerrrr lol come,0
love peggy,0
not want son death vain let u burn bitch stupid fuck destroying livelihood peaceful protest fucking as,1
thought deal situation driver working thing came getting car getting driver stoppes car come clean road self justice something support irrationally rationally,1
agree joe cop extremely difficult job not many qualified handle yes lot good cop however intelligent unplugged matrix joe always claim seems completely unaware ignoring reality country corrupt prison industrial complex tie failed judicial system well racial agenda behind police brutality,1
something wrong voice,0
brave woman brought tear eye,0
good cnn anchor ever seen,0
michael brown not positively identified assailant store supposed robbery darren wilson not aware robbery time encounter clearly racist unsubscribing,0
since start giving fuck joe rogan say anything not used make people eat bug shit social commentator come fuck,1
wtf not guy got mugged iphone ferguson video hilarious,0
move tazed arrested,0
okay literal fuck skittle tea lean,1
mother told thing god bless woman,0
californian deserve backup since elect people allow happen without consequence tried lived would shot runned,1
stupid nigger,1
know worse late work shot killed,1
watch video stef mention know truth fucking evidence need start happened whole thing started car kid ran cop ran kid turned around charged cop cop freak fuck start shooting kid come coming cop eventually got hit head end,1
drug,0
one thug named brown rushed cop frown six bullet later met creator homies burn town,1
would really love see car snow plow drive straight protester,1
childish cop sleep night,0
im white person always thought everyone treated fairly blm creating bunch bull threatening life others making harder cop take bad guy maybe not drawing weapon fast enough killing spirit hero killing spirit not putting enough comply no rushing burning house type thing bad cop neighborhood gang neighborhood heat taken emboldening not spirit life matter form racism blm causing feeling black life not matter peggy gave hope still hope still intelligence black community maybe still live together one less white guy willing join kkk peggy not blm,1
hey rogan tell good cop put bad one jail,0
staged event fake riotsdivid conquerfake news,0
kajieme powell shooting video disturbs many reason link video mentoned,0
arab piece shit acting like get harrassed parent store yet act like get treated like black people lol people steal store moron piece shit,1
cannot shoot tear gas professional soldier member public country absolutely fine,1
arab dude absolutely right not shot extra time shoot he attacking would stop attack shoot twice still attacking six time shoot kill opinion,0
rocket launcher take care lightly armored vehicle lol,1
perhaps start teaching black law education important instead treating special snowflake,1
white guy really concerned plight black community doubt spend time hanging around black guy community see world reacts react world not time either secondly think anyone even hoped drug charge feeling gunshot first fleeing shooter kind fantasy live must think black shit anything survival mechanism world would not police officer right thing give u comfort life want believe cop story another story cop get start cop harassment type antic cop kid give year old fat fuck think whip everybodys as sas hit kid door dumb as kid instead passing getting officer fired paid dollar injury push door back officer grab neck scuffle incurs kid fire punch grill black guy hit pretty hard see boxing cop see red open fire kid run foot far as get body reminds fat as not sprinter maybe shot starting set want negotiate cop executes lawful maybe story make sense,1
completely idiot minutrs fame,1
awesome job law enforcement send disrupt tear islamic extremist radical america thanks,1
black man say needed black life matter message needed not either orits,0
understand anger war not answer,0
think nit upset white people much black people get shot police every day would ignorant fuck racism nit problem militarized police seeing police culture sick disrespected police black man use violence best bet logical america fight back despite colour skin go furgson next time bring gun shoot back,1
much good data wish presented without speculation marijuana blunts emphasis rap lyric youtube video know friend could not ever hurt anyone guilty saw video saw take cigar shove guy way no reason try bring culturally normative thing admittedly ridiculous not indicate actual violence including rap lyric often complete bull otherwise done amazing job collecting wide range fact putting together generally great presentation thank greatly appreciate fear much good material dismissed due emphasis item admit really not mean anything,0
people ferguson loot oly thing goverment care economy fuck n make effort stop crooked cop,1
good,0
stefan molyneux sir dumbest smart guy ever researcher research enitre history blackman america understand thing way detachted reality comical,1
oh man thug life typesyou hilarious seriously fuckin riot look take three dollar pocket knife back pawnshop pull pant stop playing basstracks sedan rim cost car sit as back office belong criminal life not,1
guy love guy spends minute telus roll blunt,0
people sick man speaking truth yall mad trying justify young boy nothing shot killed smh yall devil disease earth glad sun burn ass extinction planet back half animal half devil cave beast,1
no racism equally worthless full metal jacket,0
gun use rubber bullet stupid russian news channel,1
liberal nonsense,1
body cam also air police run day day not cop screw,0
dat mask tho,0
confederation ill back,0
let steal convenience store let go punch cop face get shot time let get black people white apologist run around street setting building fire fucking dirty gutter rat living welfare causing violence look rest black people live dirties ebola plague ridden continent lucky white country come cure dumb ass,1
fuck mo kansa city,1
legal system inherently racist cnn reporter,1
wonder would twist slaverythe truth year slavery one sided bet fox news pay record,0
right loot right private property right destroy public property play victim card nothing change,0
not tazers,0
mr brown side oh dead,0
amen tell like sister amen,0
crazy thing thought office never anything want random people,0
watched zimmerman case video full shit smell hate seeping bringing rap music listens soundcloud nothing make charcter look foolish dangerous possible ever want respond fuck az wellyou go much effort destroy mike brown character bringing smoking habit nothing got shot tone perfectly chosen word use really make brown look like unstable look much detail u went trhu slay brown character,1
god narrator annoying lisp,0
law enforcement not trained shoot apprehend trained shoot kill thank wilson killing punk bitch,1
johnathan gentry november pm · no winner loser case heart prayer go michael brown family darren wilson family current leader seek make racial issue try divide country worker satan,0
mike brown criminal thug fuck,1
yeah right white shot black hell break lose black shot black no protest maybe start protest black shotting black buy thier story,1
lol trayvons online name nolimitnigga people got mad piece human trash like got shot,1
war year please war started three quarter million american died stop bitching,1
man zionist jew look ypu see jewnesss face cnn employ zionist sympathiser neocon racist wolf blitzer emplpyeee,1
anyone know irradiating commercial strawberry seed mine wont germinate,0
call anarchist defend cop shooting unarmed civilian highly disappointed beginning video referred square not know blunt much worse stefan incredibly touch evidence complete ignorance towards blackhip hop culture slang start smoking blunts listening hip hop would likely gain enlightened understanding life like lower class america,0
plenty white people care exact view woman deemed racist stopped caring,0
guess never done anything wrong life according analysis police right shoot six time make sure dead already dead proud officer tell everything hope child,0
protester suck,1
maybe not know exact story understood supposed case grown man shooting kid not supposed racial guy letting hate whether anti black anti white seem forgetting going police officer shot innocent kid want justice not fckin race moment pick race side become fckin joke dont give rat as many black killed white vice versa want know fck police officer walking free emptying motherfckin gun child,1
hilarious seeing moron get hit car,1
comment nothing topic videobut someone please set stefans rapping actual beat would epic,0
mansur ballbey not thug worked fedex not house served warrant not video brandishing gun shot back illegal u police officer st louis pd not releasing data know shot killed error ballbey no criminal record hubbard illegal going national tv slandering ballbeys son frankly would sue,0
fucking dumbass attention whore causing problem,1
not brown daily killing nonwhites white cop reality,0
could not help laughing started reciting rap lyric good,0
bitch talking people like dylan roof james holmes jared loughner jerad miller tim mcveigh jared loughner jim david adkisson paul hill scott roeder frazier glen miller jr elliot rodger buford furrow john r houser etc right,1
freaking people still racist police still awful,1
dirty mongrel,1
black life splatter,1
experienced racism side racist white,0
arrested blocking highway want protest somewhere else,0
would’ve satisfying someone threw molotov middle group,1
mr hubbard get jamyla bolden died needlessly,0
obstructing interstate commerce federal felony offence cop useless blm democrat modern version racist terroristic kkk also created not protester rioter driver first row car wimp imagine dying ambulance stopped traffic jam mile long,1
iz not nuffinz,0
nicely done,0
cannot stop revolution well year would say done pretty good job far,0
truck foghorn,0
not county go back middle east county b,1
no dumber people earth american,1
run,1
great vid,0
love rap section,0
tell breaking law blocking interstate traffic let get hit vehicle told leave not driver vehicle noy charged injury incurred billed retard standing street,1
darren wilson stand trial prove acted self defense jury open court law george zimmerman michael dunn could not grand jury operates secret cannot trusted no government trusted operates secret,0
guess suck construction worker show prove entire video wrong,1
criminal kid get shot police almost everyday plus mike brown bad criminal record started fight,0
u government killing population,1
parent one kid failed one job parent dont raise cunt,1
guess misread joe ever seen anyone put place swiftly eloquently not even sure realizes,0
living final day going get worse,0
run black cunt,1
leave video sometimes truth hurt thank posting video,0
black,1
not let elite divide conquer tactic work want keep u racially divided never rise,1
thus collapse usa two possibility considered whereby one boil dictatorship evil reprisal possibility may new reconstruction people fundamentally conscious responsibility attain government really everything bring effective valuable new start whether actually occur currently extremely questionable presently totalitarian manner everything directed towards interest economic military political cultural – well towards strict fundamentalist religioussectarian – based enormous lie devious misanthropic criminal felonious machination every imaginable regard also mean population usa spied upon secret service even severely within neighbourhood forth every possible manner restricted freedom addition violence emerges form openly covertly﻿,0
thank right onblack people going vote democrat yearthats race baiting aboutdemocrats rallying basesmh,0
sad god still control know tired michael derren wrong right god know let last judge,0
fucking douche bag,1
going viral already viewed police u,0
cnn joke,1
found channel one favs already thank u vids r excellent,0
flat racist say one race cannot represent another equally majority black voted white people mean black voted not vote best interest elected white official cannot represent black voter put himher office,0
thank finally powerful voice truth black community black killing perpetrated black part even black murder nonblacks not directed innocent black citizen rather drug gang related donald trump star parker hope aware peggy hubbard comment address issue honestly need seat table m hubbard trump campaign administration race monger like obama eric holder pelosi reid jessie jackson al sharpton naacp congressional black caucus congressional democrat ethnicity level government mainstream medium conspired last year turn viable black community governmentdependent ghetto knowingly advancing false narrative systemic white conservative racism perhaps greatest accomplishment destruction black nuclear family seventytwo percent black child born single mother get married limit number child obama progressive gladly extort taxpayer money take care illegitimate child exchange guaranteed vote keep power master plan policy insures generation newly created disaffected dysfunctional adult necessarily become democratic voter race hustler mentioned reacted way black black killing could go neighborhood power wipe gang minimize drug use give community real “hope” “change” never happen need black community dependent feel hopeless order maintain power control living good life back people deceiving thinking care think – purveyor lie damn lie could not make race issue past year would get “real” job like rest u,0
thanks voice sanity black community peggy,0
guy hired idiot,1
bored stupid kid,1
ran everyone,1
sure avoid getting guy taxi cab,0
upset court ruling ur upset close whole freeway go main cause airline ticket america freedom speech active right,0
scroll comment see bunch racist comment look trump supporter sits patiently hate ok seriously lot people saying wrong say “yeah kinda is” people saying “ it’s they’re black” think african american people innocent nothing wrong,0
united shit america collapsing good,1
great video although wish wouldve focused shit police thing keeping rioter supporter complete idiot,1
think kill,1
not dude got knocked phone stolen ferguson,0
cia agent provocateur operative kickstart riot new american civil war not african american rehearsed ebonics transparent,0
also love show picture brown angel not tug,1
saying minute could easily rap call duty white kid play btw pretty sure eminem sum white lyric go racism,0
mike brown father made say boooshit,1
dear peggy please mother run president,0
actually shout fire crowded theater christopher hitchens demonstrated talk free speech look interviewee correct cop serve public not way around consistent serving public police department represent public race ethnicity rank hire bunch big tough black guy police department fewer black shot death puny white guy felt humiliated got bitch slapped teenager,1
everyone want next mlk issue not problem u anymore require another mlk,0
guy idiot best lost already bozo,1
man intelligence average black man cannot comprehend like dog trying figure man make house,1
real strong black woman not afraid speak truth,0
white racist always comment section glad white exterminated another year no white peace earth,1
corrupt police harmed not safe defend self fighting back shooting dead get will ready cause catalyst fact citytowngovernmentusa catalyst pot boiling many year generation bring equalizer door step also purge feel effect,1
robbing store big man play fire get burnt police job,0
stuff like one reason people associate violence danger black people,1
ram prick,1
youtube comwatchvyfbbtdvhg research not come across information white construction worker witnessed mike brown shot hand,0
tellin fact steal swisher sweet value lifejust admit racist quit bunch faggott bitch,1
people seen mississippi burning way many damn time,0
good one stefan,0
run,1
update apologize fair report,0
kid would beat shit,1
someone say way black people behave no wonder ferguson shitty place black people u fucking lazy saying countless example life grandmother got black house nurse bitch nothing day grandmother complained agency sent different woman not black cleaned entire house hour mom work hospital nurse black co worker constantly nothing lazy not black people like one best friend black like like brother fuck expect get everything want ancestor slave well hitler killed ancestor see sagging pant cry like stupid bitch like stupid black people inequality representation probably black people generally lazy lack skill required hold position household income tie previous point lazylacking skill lower income job dropout rate school need taken black people ferguson hold high paying job not even graduate fucking high school worse healthcare tied low income money better doctor inequality enforcement give one completely unfair however looking black officer frisk mostly black people well hmmmm interesting maybe,1
nigga love victim situation separate black people need,1
someone get milk,0
dumb mf,1
basically talking black life matter guess looting rioting take place asshole whose robbed druged community hit point cnn belief police brutality want reform know there racism also know nobody going take fucking second look black right till black people take stand self destruction,0
need shoot racist fucktards,1
hope god guy still not falling ol banana tailpipe bullshit news giving,1
please slow cant tell sped m scully talking really quickly great video great information little fast,0
know crazy actually came across video bitcoin trying learn knew looked familiar took time look mike brown personal profile specifically soundcloud think guilty representing wrong light maybe stealing still not deserve die fact white people like continued insinuate ridiculous show clear lack empathy sympathy seems like animal think especially offensive looking back video year later hiphop rnb black culture biggest thing medium still dont understand perspective say trayvon martin making lean video show ignorant truly well sprite fanta carbonated drink used making leannot tea,1
obviously rapping not crime face indicative poor character aesop rock rap not rap murdering people beating shit people fun rap stuff stuff speaks volume character want perceived world absolutely relevant,0
peggy love video use stand black life matter using excuse get away crime know lot good black would like voice heard voice silenced nationwide uproar black life matter afraid say something could next victim,0
word provocateur,0
least favorite test tube video far,0
couple thing missed side argument firstly yes guy dead dead crime sceneof course not cover body secondly officer seems not called incident based multiple source odd addition make no excuse strong armed robberybut not understand money weed need rob cigar regardless not excuse getting shot street even ignore eyewitness account assume lying shot blatantly excessive lastly admit rapping not law mentioned rapped not law thing come close smoking marijuana course legal state getting fight teenager always,0
protester throwing stuff reporter,0
run,1
run,1
shocking truth come light,0
someone please turn autotune rap song stefan molyneux please,0
awesome woman,0
major difference zimmerman case one shooter zimmermans name not withheld taken custody news medium able document zimmermans injury immediately case handled horribly lack immediate transparency even everything true po questioned coverup also community history police abuse missing video alleged abuse occurred response medium peaceful protester also showed complete lack understanding escalation unlike authority dealing potential zimmerman looting riot pd case attacked protester rather station near looting target protect business criminal always take opportunity distraction like storm blackout protest loot authority know know great propaganda protester seen cause looting rather pd failed protect business also illustrates nd amendment valuable business owner depended pd protection got looted business owner depended right bear arm not looted,0
tip hat class lady well spoken,0
people not realize blocking road pissing people not get people onto side,0
alright entire case crap people saying white people racist calling bad name racist would like call u extensive investigation prove boy death self defense however not defending whole kkk thing defending helpless citizen ferguson boy died not care white black care people ferguson treating town really cared incident would hold memorial express feelingsthis not helping get justice really matter boy dead something done grand jury decided,0
dont like generalization used rant main point right chris rock said best black people niggaz nigga morn killer got gunned street black person mourns loss innocent human life little girl got murdered based comment black nigga ratio dropping,1
heard billionaire funded organised riot fucken suck joke,1
whether right wrong michael brown case nothing left wing policy please stop conflating issue,0
showed violent protest,0
peggy hubbard president,0
believe whatever wanna believe not care say bassem masri idiot,1
holy shit thought trayvon martin supporter imbecile michael brown clown must dope,1
policing problem protested caused black criminal let u not forget blame address elephant room,1
ahhhhhhhi love country,0
vile cunt,1
tear gas geneva convention hahahahahahahah,1
agree said cannot trust police not arrest crooked pedophile protecting treasonous politicans thing military people,1
blacklivesdontmatter,1
cnn youse guy going far tell bad going happen bad going benefit not care much money ellen better like rest careful put put russia careful kid,0
obama saying exactly lady saying instead defending thug clean language however,1
stefan excellentyou obviously better understanding event surrounding unfortunate event presidenti call unfortunate officer wilson life destroyed job fear police hesitate finding rapidly growing situation thank indepth honest dissertation tom kelver seek help go back school get drug,1
omg putting telling truth hard true,0
man stefan,0
people would take step back not make case not anyone except two people situation lump mess take matter hand make kind protest selfish without rational thought investigation guy video heavily emotional hyped want heard get heard press never reasonable discussion kudos smerconish keeping level whole time letting masri make fool dare tore city protest make dishonor entire incident hate way since police brutality become epidemic wish everyone would stop pretending like knew exactly going no measurable amount people honestly witnessed incident none u clue way whole issue swung grand jury informed trust majority rule right course action let also thank police officer america actually serve protect even bit jerk pull respect job know someone many people going pout held accountable action people hate police need officer two around emergency,0
pepper spray create dangerous situation motorist get put jail isn’t peaceful protest infringing upon citizen right move freely cannot due blockade called protestors creating dangerous situation,0
stefan molyneux not give rounded view simply wanted use old tired ploy discrediting michael brown no sane person would believe officer wilson perfect angelic white man no person exists not privy questionable characteristic cop rest assure human nature spite brown smoking weed stealing blunts even rapping bitch gun etc not justify someone unarmed shot many time desensitized culture hip hop white people also monetarily benefited,0
burn tear gas oc pepper spray,0
smirconnish evenhanded guy world guy masri idiot,1
dont understand black community want rally behind wanna thug video guy robbing store came would thought protester would gone home michael brown turd crowd full racist hate white community,1
right finally sane opinion event black bastard soooooooooo ignorant running around yelling looting carrying like la riot old shit,1
real criminal wall street guy steal money inmate every penitentiary every dreamed stealing,1
see bunch ignorant fuck trying hardest turn racial thing never racial thing start self defense plane simple attack cop as going get shot,1
surethey totally looked factual evidence trial like special treatment hey knew going happen not,1
peggy hero,0
god bless police,0
shit serving medium concocts story white cop kill innocent black teenager bullshit get black community arm burn shit downmore story useless talking head get front camera least week see black white crime reported newsno national attention no federal involvementwtf black men need stand father stop looking excuse fuck yall yall,1
teen face life prison pot brownie year old man get arrested feeding poor police officer set free no charge whatsoever killing teenager not people see wrong,0
molyneux tête de noeud,0
accelerate go fast enough no one able film plate time,1
u police logic shit brick shoot quick call army nuke,1
yep muslim bitch,1
fucking brain dead let nazi police scum bag take,1
trés tote hilars vid grip revolutionary regular poster afropunk seventeen massive corporate sponsor revolution start sponsored following multinational corporation ha ha ha virtue signaling satire practically writes,0
blood street worried word getting tired way mainstream medium treating u like idiot follow condescending irrelevant distracting disparaging narrative step cnn,0
focus happened officer confronted brown lead death nothing else matter focus,0
find satisfying reason,1
section lady gentleman see black people misbehaving wonder would happen everyone rioted court decision not go way,1
real black leadership real revolutionary radicalism,0
white moveout ferguson let u see nice becomes east st louis detroit baltimore thing happened look city,1
buy ak shoot usa copa,1
inanimate object police car resilient getting completely flipped set fire,0
black cop kill white kidblack kid kill white cop anyone riot protest engage national news no race not mentioned either circumstance think ask question answer honestly real racist country,1
lot people entire medium missing huge crucial point micheal brown even stopped first place day happened officer said mike brown walking street day later robbed convenience store despite fact owner say store never robbed officer apparently fear life pd claim seriously injured altercation mike brown even though video showing officer perfectly fine standing mike body hour shooting also mike body foot away officer mike apparently charged man police full shit cannot see shit made either bigot fucking idiot,1
shoot someone run lol,0
truly tragedynot death kid way city reacted not way get justice make matter worse malcolm x way handling thing not dr king way,0
not really race issue police brutality issue not first time cop like darren wilson not sent jail group police officer shot killed homeless white man not want leave spot home shot attacked k shot bean bag long dead even camera not go jail problem police keep ignoring get worse worse not try make excuse bad police officer behavior thankful one job right,0
run motherfucker,1
reason ram moved back los angeles,0
guy hero,0
truth people need realize accept michael brown action brought situation bible say justice not served fast not put justice people said no justice no peace word awakes scripture head deeply say cannot speak everything wish speak right long believe would say come right time,0
interesting informative,0
great interview,0
screw price crap think cool disrespect american flag,1
stefan like standup darren wilson though side event lose integrity give clean chit considering incompetent ferguson police turning,0
dude commits felony including assaulting police officer shot killed serious race riot distract fact cop job case closed justice served street day,0
shoot looter sight,1
arab rapping go ahead brolol getto,1
techno party,0
no leave alone not take,0
always easier second guess someone cop get lot training end day still human navy seal think human make mistake unless make robot cop continue mistake made also medium play big part issue white co killed black man black cop killed black man would not even make news probably need get long stop making everything race issue good citizen not issue cop young man not saint not gentle giant said robbed store probably thing happen cop explained god people involved know exactly happened,0
protester look like kid wonder anyone got license plate number pretty wild bunch kid could much damage infrastructure pathetically weak,0
published aug truth still uncovered know likelyyou cant assume know entire story investigated fed going investigate pd going back year not case think going know time go assuming know answer looked microscope misleading people,0
dirtbags including cnn,1
black life matter white life matter life matter,0
look like medium come bogus clam cause division side thing question not much not people see truth government planing medium fueling,0
much logic intelligence must mixed race intelligent white dna,1
put civilian perspective two people get fight one get shot go jail since cop protecting self micheal brown shot foot away daren wilson patrol car no way could not get self situation continued conflict two no reason shoot option like pepper spray tazer,0
finished video gaze upon racist bigot comment section make glad human,1
ana fuxking hot,1
forgot add timeline suspect also assaulted owner store threatens,0
people facebook tie isi terrorist group muslim extremist,1
show title not belong host name,0
history mankind people color creed culture found way rise ash oppression self betterment self preservation except black please enlighten unknown phenomenon,1
cannot wait jesus come back could take care b getting sick tired racist white people racist black people damn get along black man love white people black people away hate heart try loving hate gonna take u hell need come together god child not kkk black power u,0
run mdrfckrs,1
would kept going get hit get hit would slowly push way ppl need grow fuck,1
wow common sense refreshing great job stefan molyneux,0
lmfao dude taking like hear talking not know saying smh,0
well ya go young white man killed nonwhite say black cop no medium outcry almost no medium anything search,0
need come togather,0
wtf,0
idiot,1
stephan ive watching quite first post truth henry kissinger would interested hearing opinion man ty,0
bill cosby caused,0
love rogan no tear gas not geneva convention lol thats mustard gas burn rib inside vomit sorry say,0
know sayin wow,0
stefan molyneux please explain inquiry handling subsequent unrest circular language game pretty simple straightforward question seem avoiding unnecessarily hostile manner justification heavyhanded militaristic response looting would official handling situation decide initially block access area medium family member life area attest unprofessionalism hostility law enforcement handling early incorrect info please direct toward fact regarding still not understand went straight attacking respect logicwhen willing share thank advance hopefully wont continue insult whatever reason chose,0
one feral hoodlum put rest u no longer need fear thuggish behavior upset blame parent failed raise right provide proper supervision defective start either way sound like case quality control thank officer wilson job,1
let not news,0
loved trayvon martin video love one wish could deliver cable news maybe people would get truth,0
city full really really really dumb people cannot try reason,1
ever get situation run asshole overi,1
racist piece shit reach anything justify murder extremely shameful slant fact order justify racist biased view,1
coming towards officer thing charging officer person foot away no eyewitness saying,0
get shot time inside right arm palm hand not hand surrender position not consistent charging officer consistent eye witness account said surrendering,0
bear mace gas pedal,1
cnn mother fuckersfuck peace shit,1
burn public storage make sense,0
believe correct word caucasian not white let u correct every regard great report though love video,0
joe rogan idiot,1
watched kept muttering shoot shoot pull trigger rubber bullet hurt like mfer,1
wait rioting people standing boredly sidewalk guy gun middle traffic,0
criminal got shot great,1
really black people violent,0
huge wisdom anyone ear listen,0
black able white people rush hour traffic coming home job bring lazy ass watching tv getting high fuck people providing welfare yea white people sit jury rule police brutality shooting piss sure getting see side story,1
people talking stupid subject not care blue purple cousin killed drunk african driver left die go local news see rioting outside no sorry michael family truly everyone loos someone people get violent people post think people,0
bitch deported,1
thank stefan well put,0
hell even interviewing guy idiot,1
going pay store owner cigar big gigantic mike stole,0
dumb people,1
didnt attack police officer steal store expect,0
taser gun need,0
fuck thes cop pussy,1
happen would drive though n cop shit mess letting finish say like need get home work u see long line car holding people bullshit,1
dislike white people offended thought racism not issue anymorethink,1
darudesandstorm,0
would love see pussy go staten island spit cop would love see happen mike brown strong arm thug people burning ferguson eric garnier nothing wrong choked death no protest mafia controlled staten island no burning car nothing,1
wake black people,0
people country going learn not police enemy mediathey one lighting called fire stirring pot,0
interviewer right guy show respect paramilitary police killing getting away ha,1
man guy nothing bunch waffling nonsense coming mouth answer question,1
like turtle,0
spoke others want say,0
god look raw footage shocking ferguson riot watch see guy god hd,0
fucking idiot get outta waysome people gotta get work,1
awnser question aim leg,0
really sad story someone killed no reason racial war increase devil must seen officer victim guy caused action let u pray soul,0
deadly force fine line im not either side brutal there no winning,0
welcome new world order,1
saw article many case went pretty much one particular one making big scene,0
give key county snowplow get road open asap,1
yea beat white people rob black owned store cause massive riot wasting money bet yall not work stop wasting people money yourselfi hope every single person got shotthat not happen though sadly,1
somebody pick gun kill cop already la style,1
charge armed cop dangerous weapon,0
cop protester steal destroy thing not solving shit,1
peggy blessed much courage heart thank honesty passion matter whatawoman,0
community marching peace hand hand girl killed sitting home homework deserves least society let maybe al sharpton lead,0
wow need get shit straight never weapon pointed one vid ready position due riot understandable course action one know anything,0
michael brown much research see opinion man dangerous enough rob store without weapon dangerous criminal anything gentle giant proof show brown attacked wilson peace officer beginning not race issue government medium created race issue attack constitutional right anything,0
legend still yelling move,0
much hatred people,0
wow ahole make cnn interviewer seem reasonable balanced,1
ah memory btw brought firework,0
law protester blocking street leagaly allowed run,1
wrong mother fucker no shoot apprehend,1
legalize marijuana problem stop,0
fact prove thug,1
ireland v england riot hq,0
one part hard believe guy ran officer shot drug know would illicit type behavior pcp,0
virginia,0
easy point negative black man point good point white man shit corny wanna taken seriously tell fact good bad party know couple lyric picture showing middle finger doest justify shot time medium say controlled look around internet store owner micheal brown alledgedly stole cigar said wasnt micheal brown video bogus think everything happened cop v black men recent year make sen black man start beating policeman run away policeman start firing micheal stop rush back police gun drawn already fired shot pure bullshit,1
kill protester,1
cnn bullcrap,1
wowpeople like cannot say thing rightly say pc police get offended tag racist therefore no truth might speak given credencesociety know speaking truth magnifies like no one else could not elevating people like school board city council mayor state national office,0
exactly right stefan crime bad decision creates poverty poor unattractive area criminal not steal necessity get respect homies pathetic,1
video racist,0
character not matter unarmed killed hand damn could arrested not kill fuck let oj get away murder kill boy stealing cigar,0
would eating coal could roll,1
alllivesmatter,0
shibby dibby ignoramus as bitch,1
delusional moron anger justified mike indeed unjustly killed hand mike malicious person shooting justified rioting not justified no one know happened day riot taking place basis assumption,1
wouldnt waist time trying reason police spitting thug trying defend criminal brown losing matter grand jury made decision live,1
don’t care protesting one run punk ass’s hope get run tf,1
everyone know white people die cop black even though black get arrested double rate white less arrest end shooting less people killed police black courtesy fbi statistic maybe worry black commit much crime yet numbered general population oh ten year ago crime rate employment rate black better,0
good balanced unbiased videothis story sad smh,0
michael smerconish hack,0
remember sent national defence,0
time test police gun fire fire,1
stop advertising swisher sweet lol ur racist point blank,1
black tired killed nothing not weapon shut as white devil white people evil,1
masri unemployed,1
time sequence event wrong no call made report robbery officer darren wilson not dispatched crime scene even police chief said publicly,0
look mike brown world instrumental,0
clearly racist shrill canadian vegatable plant life box ivory snow truly know nothing negro race,1
thank,0
m hubbard absolute respect wish would run office level got bigger ball male politician call like bravo,0
honestly believe mike brown actually trying take cop gun cop sitting car would stupid think kid would charge someone pointing gun beast high high could mike go store everything else easilyepic fail sir not make officer take toxicology test officer obviously scared going use weapon per intimidated mike size officer not know mike stolen anything told dispatcher knew nothing shooting area get fact straight please,1
police cleaned mess quick nice,1
yall need stop acting like mike brown innocent guy never nothing wrong,0
case overshadowed cop murdered kid fake sword saratoga spring utah much outraged mike brown case murder happened utah deal cop provided non lethal weapon shooting utah unwarranted ran not know ran lunged police fake sword taken opportunity immediate action right ran shot time back know large group cop corrupt murderer nothing new though ran police many time teen cop pursue find hiding not put bullet back ending life said paper saratoga spring black population would say,0
well seeing looting protesting would say would not high exhibit poor decision making also not impressed anyone going college college not used pretty much extended childhood people go,0
people not get not want get shot not act like thug threaten police officer effin ridiculous excuse act like asshole oh good job destroying city,1
informative really appreciate video,0
brown isused excuse loot take people shit destroy neighborhood haaaa typical ghetto bullshit ya not even hood ya ghetto bitch collecting free rent govt fighting govt occupy wall street fagets nothing else go clean highway,1
thought waste skin catching desert fps would not make popular guy no free people allowed party not live bookend country rest libshits would justice know majority real american despise every way know every day continue exist ying must yang motherjumper,1
dear mr stefan molyneux not add video regarding michael brown ferguson pd horrible history lying corruption smart think not make statement massive authoritarian corruption negative impact community serf people eventually get fed no choice disregard law andor fight back cop merit charge mr brown indeed happened,0
law not prosecuted run people blocking street sure know go winning people cause lol,1
one mustang needed situation lol💀💀,1
not get cop armed civil war machine gun unarmed civilian throwing brick fuck united state people america must free oppression,1
get time work jk,0
best opinion yet definitely would used deadly force someone charging assaulting prior carry gun everywhere go cause world getting crazy thanks sharing everyone know,0
fuck peaceful gun gas human road block problem solved,1
stupid arab police shoot apprehend lmao not work attacked,1
love saem thing go peggy stupid ya killing ya self quicker stlpd could ever wakeup,0
respectable woman,0
guy got hard,0
ok dipshits not care foot tall pound call backup use pepper spray use baton use taser wait backup use gun saying go monkey blindfold hand tied behind back anyways preliminary autopsy showed shot time less lethal area executed gunshot wound head,1
truly sad people stopped roadway simply walked protestors informed second going use punching bag boy girl not move not disband lay bitch needed ass kicked far chp not even one citation written bitch cop,1
ferguson like american city not prison resident feel mistreated discriminated subjected illegall search seizure advice move country vast confident find somewhere great nation find place happy successful,0
lol police begining sound like he saying moo move cow mean cop maybe feel like cop mean cow,0
ignorant coward full emotion estrogen apathy hell come fuckin racially ambiguous blackwashed loudmouth really chose pathetic man interview,1
amazing info police officer given award could not find nothing else plus witness support opposing view state friend officer wilson wife say repeatedly fact nothing hit piece michael brown long take tell truth day still not statement officer quick release dirt micheal brown smelling yet waiting see video caught incident not take plus day show written report unless filled lie truth not change not need preparation simply tell,0
would’ve pressed button shoot tsar bombar outta car,1
reasonburgertwitter powerful blunt force trauma powerful hope word change thinking whose concern black life misplaced thank sharing,0
vice news dispatch,0
another bulllsship vice documentary doesnt focus fact idiot no job venting racist paranoia,1
run,1
black officer shot white guy would fine black people not racist,1
“do white child deserve future ten million nonwhites flooding white country every year decade mean white minority every country founded black country remain majority black asian country remain majority asian white country affected genocide international law antiwhites don’t call genocide call diversity diversity mean chasing every last white child antiracist codeword antiwhite”,1
cell phone video shown anymore get sorry message saying private,0
omg terrorist isi undercoveragent american arrest,1
obviously not matter smoked marijuana family autopsy say not shot back unbiased witness clearly state time mb coming officer no mention hand witness michael brown shooting repeat time dude kept coming towards police,0
not informed exactly going fucked trying find reliable resource understand cannot believe thing like still happening,0
wow,0
funny thing government trusted judge fucking disgusting,1
run,1
bamshe said,0
injustice white kid would excuse,1
day day thisisacommentary here truth,0
no longer allegedly michael brown video confirmed family,0
well done 👍,0
congrats got town flame roll live rd world hell hole also try move oh wait cannot cause town garbage probably business market p,0
right dynamite,0
want toss one gernades lol not anyone course range would fucking shit,1
aiming gun people saying something not like extremely american thats america broken system,0
bravo,0
let u look fact moving away shot fired witness arm shot fire witness dropping knee shot fired witness audio recording shot two group video recording spontaneous utterance hand etc fighting officer officer others fighting weapon car officer others weapon discharged car officer others damage officer eye medical report not released officer statement not released police log incident radio report not released forgot third review wound showed shot least twice witness yet support unofficial officerss version incident,0
feel sorry hapenned thus think not happen gang member kill another one go street cop kill black male knowing gang menbers killing every day lost family friend no one went street scream stop killing police killing black person whole world stop human,0
amen peggy hubbard color make no difference person inside innocent nine year old little girl one attention people want cause chaos black white going exactly obama wantednow look country mess admire courage telling like peggy hubbard,1
people ask peace riot bring violence,0
difference color skin people still say,0
genuine failure leadership president united state nice town ferguson declared state emergency put martial law federal troop stuffed town nonresident pushed everyone knew going another riot butwhat president not want offend black community not want anyone else get shot let er burn baby burn seems real leader could way mr president sir failed reprehensibly accuse you﻿,1
yes let destroy someone elses property ruin day mad someone else take police cunt,1
black get prejudice easily,1
fate another neglected child would interesting know family background always keep mind child emulate social behaviour,0
weak display law enforcement,1
supra need let happens,0
police charge,0
great video levelheaded cogent fair unfortunately cognitive dissonance confirmation bias taken hold whole discussion breath fresh air thank stefan,0
merica,0
would get car start burnouts face either move get smoked,1
mr masri right could not say better,0
not one pair work boot stolen ferguson riot,1
like say hurr instead,0
nice lorry driver need ran fuck,1
police concentrate investigation people called misbehaving hope investigation get cancelled behave let police work everyone say guy committed suicide cop attacking police first place clear not disrespect police way,1
next time line car start making burnout smoke riot gas non lethal eficient double check actualy non lethal course xd,1
great videothank peggy,0
wouldve brought ar wouldve done job dont care went jail nog would deserve,1
must mad cause quiet lost thier belt,0
german police pretty nice even would beat protestors,0
would pop couple shot air watch scatter like roach light turn,1
hope fucker get slammed major fine fucking idiot,1
thank mr hubbard happy said need saying black allowing neighborhood destroyed black mother stand counted black father keep as home help raise child peggy chief back fair wind following sea shipmate slap heard round world need happen whole lot sister,0
love woman wish like would certainly help cause page,0
chief not black lying,0
